{"cameraMode":{"drawMode":0,"name":"Shaded","section":"Shading Mode"},"sceneLighting":true,"audioPlay":false,"sceneViewState":{"m_AlwaysRefresh":false,"showFog":true,"showSkybox":true,"showFlares":true,"showImageEffects":true,"showParticleSystems":true,"showVisualEffectGraphs":true,"m_FxEnabled":true},"in2DMode":false,"pivot":{"x":11.140547752380371,"y":-1.2859697341918946,"z":-2.8734841346740724},"rotation":{"x":-0.054766472429037097,"y":-0.7985970973968506,"z":0.07352546602487564,"w":-0.5948486924171448},"size":7.153901100158691,"orthographic":false}