{"cameraMode":{"drawMode":0,"name":"Shaded","section":"Shading Mode"},"sceneLighting":true,"audioPlay":false,"sceneViewState":{"m_AlwaysRefresh":false,"showFog":true,"showSkybox":true,"showFlares":true,"showImageEffects":true,"showParticleSystems":true,"showVisualEffectGraphs":true,"m_FxEnabled":true},"in2DMode":false,"pivot":{"x":11.638108253479004,"y":-1.4040474891662598,"z":0.3722362518310547},"rotation":{"x":-0.05903024598956108,"y":-0.6980955004692078,"z":0.05794139578938484,"w":-0.7112162113189697},"size":7.153901100158691,"orthographic":false}