{"cameraMode":{"drawMode":0,"name":"Shaded","section":"Shading Mode"},"sceneLighting":true,"audioPlay":false,"sceneViewState":{"m_AlwaysRefresh":false,"showFog":true,"showSkybox":true,"showFlares":true,"showImageEffects":true,"showParticleSystems":true,"showVisualEffectGraphs":true,"m_FxEnabled":true},"in2DMode":false,"pivot":{"x":33.12754440307617,"y":-5.7807536125183109,"z":23.674592971801759},"rotation":{"x":0.13860075175762177,"y":0.6917883157730103,"z":-0.13793615996837617,"w":0.6951208710670471},"size":10.108579635620118,"orthographic":false}