{"cameraMode":{"drawMode":0,"name":"Shaded","section":"Shading Mode"},"sceneLighting":true,"audioPlay":false,"sceneViewState":{"m_AlwaysRefresh":false,"showFog":true,"showSkybox":true,"showFlares":true,"showImageEffects":true,"showParticleSystems":true,"showVisualEffectGraphs":true,"m_FxEnabled":true},"in2DMode":false,"pivot":{"x":850.5355834960938,"y":41.13398742675781,"z":894.6094360351563},"rotation":{"x":-0.09316539764404297,"y":-0.014340465888381005,"z":0.001341565977782011,"w":-0.9955530166625977},"size":686.4090576171875,"orthographic":false}