{"cameraMode":{"drawMode":0,"name":"Shaded","section":"Shading Mode"},"sceneLighting":true,"audioPlay":false,"sceneViewState":{"m_AlwaysRefresh":false,"showFog":true,"showSkybox":true,"showFlares":true,"showImageEffects":true,"showParticleSystems":true,"showVisualEffectGraphs":true,"m_FxEnabled":true},"in2DMode":false,"pivot":{"x":2.8464365005493166,"y":0.876255452632904,"z":26.40764808654785},"rotation":{"x":-0.022164013236761094,"y":0.6803022027015686,"z":-0.020676206797361375,"w":-0.732442319393158},"size":1.1041693687438965,"orthographic":false}