{"cameraMode":{"drawMode":0,"name":"Shaded","section":"Shading Mode"},"sceneLighting":true,"audioPlay":false,"sceneViewState":{"m_AlwaysRefresh":false,"showFog":true,"showSkybox":true,"showFlares":true,"showImageEffects":true,"showParticleSystems":true,"showVisualEffectGraphs":true,"m_FxEnabled":true},"in2DMode":false,"pivot":{"x":20.2160587310791,"y":-15.853836059570313,"z":26.146373748779298},"rotation":{"x":-0.19151140749454499,"y":-0.19810445606708527,"z":0.039500441402196887,"w":-0.9604829549789429},"size":22.722362518310548,"orthographic":false}