{"cameraMode":{"drawMode":0,"name":"Shaded","section":"Shading Mode"},"sceneLighting":true,"audioPlay":false,"sceneViewState":{"m_AlwaysRefresh":false,"showFog":true,"showSkybox":true,"showFlares":true,"showImageEffects":true,"showParticleSystems":true,"showVisualEffectGraphs":true,"m_FxEnabled":true},"in2DMode":false,"pivot":{"x":-0.3188355565071106,"y":0.949954628944397,"z":3.138392210006714},"rotation":{"x":0.12550419569015504,"y":0.1731724590063095,"z":-0.022254688665270807,"w":0.9766127467155457},"size":0.4634650945663452,"orthographic":false}