{"cameraMode":{"drawMode":0,"name":"Shaded","section":"Shading Mode"},"sceneLighting":true,"audioPlay":false,"sceneViewState":{"m_AlwaysRefresh":false,"showFog":true,"showSkybox":true,"showFlares":true,"showImageEffects":true,"showParticleSystems":true,"showVisualEffectGraphs":true,"m_FxEnabled":true},"in2DMode":false,"pivot":{"x":-0.0022623538970947267,"y":0.6508879065513611,"z":0.9145953059196472},"rotation":{"x":0.2061733603477478,"y":0.6381527781486511,"z":-0.18302685022354127,"w":0.7188578248023987},"size":0.7330126166343689,"orthographic":false}