{"cameraMode":{"drawMode":0,"name":"Shaded","section":"Shading Mode"},"sceneLighting":true,"audioPlay":false,"sceneViewState":{"m_AlwaysRefresh":false,"showFog":true,"showSkybox":true,"showFlares":true,"showImageEffects":true,"showParticleSystems":true,"showVisualEffectGraphs":true,"m_FxEnabled":true},"in2DMode":false,"pivot":{"x":30.729602813720704,"y":-16.548999786376954,"z":15.392620086669922},"rotation":{"x":0.2117743343114853,"y":0.5404291749000549,"z":-0.14040601253509522,"w":0.8025529384613037},"size":24.30331039428711,"orthographic":false}