{"cameraMode":{"drawMode":0,"name":"Shaded","section":"Shading Mode"},"sceneLighting":true,"audioPlay":false,"sceneViewState":{"m_AlwaysRefresh":false,"showFog":true,"showSkybox":true,"showFlares":true,"showImageEffects":true,"showParticleSystems":true,"showVisualEffectGraphs":true,"m_FxEnabled":true},"in2DMode":false,"pivot":{"x":11.461320877075196,"y":-1.2263576984405518,"z":-2.0093581676483156},"rotation":{"x":-0.05598845332860947,"y":-0.7637205719947815,"z":0.06684998422861099,"w":-0.6396366953849793},"size":8.758957862854004,"orthographic":false}