{"cameraMode":{"drawMode":0,"name":"Shaded","section":"Shading Mode"},"sceneLighting":true,"audioPlay":false,"sceneViewState":{"m_AlwaysRefresh":false,"showFog":true,"showSkybox":true,"showFlares":true,"showImageEffects":true,"showParticleSystems":true,"showVisualEffectGraphs":true,"m_FxEnabled":true},"in2DMode":false,"pivot":{"x":3.1262073516845705,"y":-2.487914800643921,"z":3.0503716468811037},"rotation":{"x":0.09792283177375794,"y":0.8678240180015564,"z":-0.18933817744255067,"w":0.4488256871700287},"size":4.658390522003174,"orthographic":false}