{"cameraMode":{"drawMode":0,"name":"Shaded","section":"Shading Mode"},"sceneLighting":false,"audioPlay":false,"sceneViewState":{"m_AlwaysRefresh":false,"showFog":true,"showSkybox":false,"showFlares":true,"showImageEffects":true,"showParticleSystems":true,"showVisualEffectGraphs":true,"m_FxEnabled":true},"in2DMode":false,"pivot":{"x":0.0058135986328125,"y":0.19920110702514649,"z":-0.2941487431526184},"rotation":{"x":0.13274125754833222,"y":0.8609601855278015,"z":-0.28656792640686037,"w":0.3988230526447296},"size":2.0660252571105959,"orthographic":false}